{
  "packages": {
    "jdtls-17": {
      "name": "jdtls-17",
      "description": "Java language server.",
      "homepage": "https://github.com/eclipse/eclipse.jdt.ls",
      "licenses": [
        "EPL-2.0"
      ],
      "languages": [
        "Java"
      ],
      "categories": [
        "LSP"
      ],
      "source": {
        "id": "pkg:generic/eclipse/eclipse.jdt.ls@v1.43.0",
        "download": [
          {
            "target": [
              "darwin_x64",
              "darwin_arm64"
            ],
            "files": {
              "jdtls.tar.gz": "https://github.com/nvim-java/release-jdtls/releases/download/{{ version | strip_prefix \"v\" }}/jdtls.tar.gz"
            },
            "config": "config_mac/"
          },
          {
            "target": [
              "linux_x64",
              "linux_x86"
            ],
            "files": {
              "jdtls.tar.gz": "https://github.com/nvim-java/release-jdtls/releases/download/{{ version | strip_prefix \"v\" }}/jdtls.tar.gz"
            },
            "config": "config_linux/"
          },
          {
            "target": "linux_arm64",
            "files": {
              "jdtls.tar.gz": "https://github.com/nvim-java/release-jdtls/releases/download/{{ version | strip_prefix \"v\" }}/jdtls.tar.gz"
            },
            "config": "config_linux_arm/"
          },
          {
            "target": "win",
            "files": {
              "jdtls.tar.gz": "https://github.com/nvim-java/release-jdtls/releases/download/{{ version | strip_prefix \"v\" }}/jdtls.tar.gz"
            },
            "config": "config_win/"
          }
        ]
      },
      "schemas": {
        "lsp": "vscode:https://raw.githubusercontent.com/redhat-developer/vscode-java/master/package.json"
      },
      "bin": {
        "jdtls": "python:bin/jdtls"
      },
      "share": {
        "jdtls/plugins/": "plugins/",
        "jdtls/config/": "{{source.download.config}}"
      }
    },
    "spring-boot-tools": {
      "name": "spring-boot-tools",
      "description": "Provides validation and content assist for Spring Boot `application.properties`,\n`application.yml` properties files. As well as Boot-specific support for\n`.java` files.\n",
      "homepage": "https://github.com/spring-projects/sts4",
      "licenses": [
        "EPL-1.0"
      ],
      "languages": [
        "Java"
      ],
      "categories": [
        "LSP"
      ],
      "source": {
        "id": "pkg:openvsx/VMware/vscode-spring-boot@1.59.0",
        "download": {
          "file": "VMware.vscode-spring-boot-{{version}}.vsix"
        }
      },
      "share": {
        "spring-boot-tools/jars/": "extension/jars/"
      }
    },
    "vscode-java-debug-17": {
      "name": "vscode-java-debug-17",
      "description": "The debug server implementation for Java. It conforms to the debugger adapter protocol.",
      "homepage": "https://github.com/microsoft/java-debug",
      "licenses": [
        "EPL-1.0"
      ],
      "languages": [
        "Java"
      ],
      "categories": [
        "DAP"
      ],
      "source": {
        "id": "pkg:openvsx/vscjava/vscode-java-debug@0.58.2",
        "download": {
          "file": "vscjava.vscode-java-debug-{{version}}.vsix"
        }
      },
      "share": {
        "vscode-java-debug/": "extension/server/",
        "vscode-java-debug/com.microsoft.java.debug.plugin.jar": "extension/server/com.microsoft.java.debug.plugin-0.53.2.jar"
      }
    },
    "vscode-java-test-17": {
      "name": "vscode-java-test-17",
      "description": "The Test Runner for Java works with java-debug-adapter to provide the following features:\n- Run/Debug test cases\n- Customize test configurations\n- View test report\n- View tests in Test Explorer\n\nEnables support for the following test frameworks:\n\n- JUnit 4 (v4.8.0+)\n- JUnit 5 (v5.1.0+)\n- TestNG (v6.8.0+)\n",
      "homepage": "https://github.com/microsoft/vscode-java-test",
      "licenses": [
        "MIT"
      ],
      "languages": [
        "Java"
      ],
      "categories": [
        "DAP"
      ],
      "source": {
        "id": "pkg:openvsx/vscjava/vscode-java-test@0.43.2",
        "download": {
          "file": "vscjava.vscode-java-test-{{version}}.vsix"
        }
      },
      "share": {
        "vscode-java-test/": "extension/server/",
        "vscode-java-test/com.microsoft.java.test.plugin.jar": "extension/server/com.microsoft.java.test.plugin-0.43.1.jar"
      }
    }
  }
}
